Unnamed: 0,Accuracy,Precision (macro),Recall (macro),F1-score (macro),AUC-ROC (macro),Precision (BENIGN),Recall (BENIGN),F1-score (BENIGN),Precision (Bot),Recall (Bot),F1-score (Bot),Precision (DDoS),Recall (DDoS),F1-score (DDoS),Precision (DoS GoldenEye),Recall (DoS GoldenEye),F1-score (DoS GoldenEye),Precision (DoS Hulk),Recall (DoS Hulk),F1-score (DoS Hulk),Precision (DoS Slowhttptest),Recall (DoS Slowhttptest),F1-score (DoS Slowhttptest),Precision (DoS slowloris),Recall (DoS slowloris),F1-score (DoS slowloris),Precision (FTP-Patator),Recall (FTP-Patator),F1-score (FTP-Patator),Precision (Heartbleed),Recall (Heartbleed),F1-score (Heartbleed),Precision (Infiltration),Recall (Infiltration),F1-score (Infiltration),Precision (PortScan),Recall (PortScan),F1-score (PortScan),Precision (SSH-Patator),Recall (SSH-Patator),F1-score (SSH-Patator),Precision (Web Attack � Brute Force),Recall (Web Attack � Brute Force),F1-score (Web Attack � Brute Force),Precision (Web Attack � Sql Injection),Recall (Web Attack � Sql Injection),F1-score (Web Attack � Sql Injection),Precision (Web Attack � XSS),Recall (Web Attack � XSS),F1-score (Web Attack � XSS),Model,Dataset,Precision (Backdoor),Recall (Backdoor),F1-score (Backdoor),Precision (DDoS_HTTP),Recall (DDoS_HTTP),F1-score (DDoS_HTTP),Precision (DDoS_ICMP),Recall (DDoS_ICMP),F1-score (DDoS_ICMP),Precision (DDoS_TCP),Recall (DDoS_TCP),F1-score (DDoS_TCP),Precision (DDoS_UDP),Recall (DDoS_UDP),F1-score (DDoS_UDP),Precision (Fingerprinting),Recall (Fingerprinting),F1-score (Fingerprinting),Precision (MITM),Recall (MITM),F1-score (MITM),Precision (Normal),Recall (Normal),F1-score (Normal),Precision (Password),Recall (Password),F1-score (Password),Precision (Port_Scanning),Recall (Port_Scanning),F1-score (Port_Scanning),Precision (Ransomware),Recall (Ransomware),F1-score (Ransomware),Precision (SQL_injection),Recall (SQL_injection),F1-score (SQL_injection),Precision (Uploading),Recall (Uploading),F1-score (Uploading),Precision (Vulnerability_scanner),Recall (Vulnerability_scanner),F1-score (Vulnerability_scanner),Precision (XSS),Recall (XSS),F1-score (XSS),Precision (apache2),Recall (apache2),F1-score (apache2),Precision (back),Recall (back),F1-score (back),Precision (buffer_overflow),Recall (buffer_overflow),F1-score (buffer_overflow),Precision (ftp_write),Recall (ftp_write),F1-score (ftp_write),Precision (guess_passwd),Recall (guess_passwd),F1-score (guess_passwd),Precision (httptunnel),Recall (httptunnel),F1-score (httptunnel),Precision (imap),Recall (imap),F1-score (imap),Precision (ipsweep),Recall (ipsweep),F1-score (ipsweep),Precision (land),Recall (land),F1-score (land),Precision (loadmodule),Recall (loadmodule),F1-score (loadmodule),Precision (mailbomb),Recall (mailbomb),F1-score (mailbomb),Precision (mscan),Recall (mscan),F1-score (mscan),Precision (multihop),Recall (multihop),F1-score (multihop),Precision (named),Recall (named),F1-score (named),Precision (neptune),Recall (neptune),F1-score (neptune),Precision (nmap),Recall (nmap),F1-score (nmap),Precision (normal),Recall (normal),F1-score (normal),Precision (perl),Recall (perl),F1-score (perl),Precision (phf),Recall (phf),F1-score (phf),Precision (pod),Recall (pod),F1-score (pod),Precision (portsweep),Recall (portsweep),F1-score (portsweep),Precision (processtable),Recall (processtable),F1-score (processtable),Precision (ps),Recall (ps),F1-score (ps),Precision (rootkit),Recall (rootkit),F1-score (rootkit),Precision (saint),Recall (saint),F1-score (saint),Precision (satan),Recall (satan),F1-score (satan),Precision (sendmail),Recall (sendmail),F1-score (sendmail),Precision (smurf),Recall (smurf),F1-score (smurf),Precision (snmpgetattack),Recall (snmpgetattack),F1-score (snmpgetattack),Precision (snmpguess),Recall (snmpguess),F1-score (snmpguess),Precision (spy),Recall (spy),F1-score (spy),Precision (sqlattack),Recall (sqlattack),F1-score (sqlattack),Precision (teardrop),Recall (teardrop),F1-score (teardrop),Precision (udpstorm),Recall (udpstorm),F1-score (udpstorm),Precision (warezclient),Recall (warezclient),F1-score (warezclient),Precision (warezmaster),Recall (warezmaster),F1-score (warezmaster),Precision (worm),Recall (worm),F1-score (worm),Precision (xlock),Recall (xlock),F1-score (xlock),Precision (xsnoop),Recall (xsnoop),F1-score (xsnoop),Precision (xterm),Recall (xterm),F1-score (xterm),Precision (Analysis),Recall (Analysis),F1-score (Analysis),Precision (DoS),Recall (DoS),F1-score (DoS),Precision (Exploits),Recall (Exploits),F1-score (Exploits),Precision (Fuzzers),Recall (Fuzzers),F1-score (Fuzzers),Precision (Generic),Recall (Generic),F1-score (Generic),Precision (Reconnaissance),Recall (Reconnaissance),F1-score (Reconnaissance),Precision (Shellcode),Recall (Shellcode),F1-score (Shellcode),Precision (Worms),Recall (Worms),F1-score (Worms)
Value,0.8600319183540701,0.1629155141012645,0.2588809016852398,0.1964549833451569,0.6446717531761925,0.9010613159856026,0.9928004430496584,0.9447089466351688,0.0,0.0,0.0,0.0,0.0,0.0,0.0,0.0,0.0,0.5781501610305958,0.890413082228939,0.7010831426392068,0.0,0.0,0.0,0.0,0.0,0.0,0.4645212345027697,1.0,0.6343659942363112,0.5,1.0,0.6666666666666666,0.0,0.0,0.0,0.0,0.0,0.0,0.0,0.0,0.0,0.0,0.0,0.0,0.0,0.0,0.0,0.0,0.0,0.0,Adaboost,CICIDS,,,,,,,,,,,,,,,,,,,,,,,,,,,,,,,,,,,,,,,,,,,,,,,,,,,,,,,,,,,,,,,,,,,,,,,,,,,,,,,,,,,,,,,,,,,,,,,,,,,,,,,,,,,,,,,,,,,,,,,,,,,,,,,,,,,,,,,,,,,,,,,,,,,,,,,,,,,,,,,,,,,,,,,,,,,,,,,,,,,,,,,,,,,,,
Value,0.4045106196627983,0.9417488621151272,0.2666513374722158,0.2149368962452991,0.7351403852655046,,,,,,,,,,,,,,,,,,,,,,,,,,,,,,,,,,,,,,,,,,,,,,Adaboost,EdgeIIoT,1.0,1.0,1.0,1.0,0.0,0.0,0.1262329317269076,1.0,0.2241684258572488,1.0,0.0,0.0,1.0,0.9997700620832376,0.9998850178222376,1.0,0.0,0.0,1.0,0.0,0.0,1.0,1.0,1.0,1.0,0.0,0.0,1.0,0.0,0.0,1.0,0.0,0.0,1.0,0.0,0.0,1.0,0.0,0.0,1.0,0.0,0.0,1.0,0.0,0.0,,,,,,,,,,,,,,,,,,,,,,,,,,,,,,,,,,,,,,,,,,,,,,,,,,,,,,,,,,,,,,,,,,,,,,,,,,,,,,,,,,,,,,,,,,,,,,,,,,,,,,,,,,,,,,,,,,,,,,,,,,,,,,,,,,,,,,,,,,,,,,,,
Value,0.8571909507137085,0.975063287933356,0.1111111111111111,0.0928521316711959,,,,,,,,,,,,,,,,,,,,,,,,,,,,,,,,,,,,,,,,,,,,,,,Adaboost,NSL_KDD,,,,,,,,,,,,,,,,,,,,,,,,,,,,,,,,,,,,,,,,,,,,,,1.0,0.0,0.0,1.0,0.0,0.0,1.0,0.0,0.0,1.0,0.0,0.0,1.0,0.0,0.0,1.0,0.0,0.0,1.0,0.0,0.0,1.0,0.0,0.0,1.0,0.0,0.0,1.0,0.0,0.0,1.0,0.0,0.0,1.0,0.0,0.0,1.0,0.0,0.0,1.0,0.0,0.0,0.8178657395025408,1.0,0.8998087391496248,1.0,0.0,0.0,1.0,1.0,1.0,1.0,0.0,0.0,1.0,0.0,0.0,1.0,0.0,0.0,1.0,0.0,0.0,1.0,0.0,0.0,1.0,0.0,0.0,1.0,0.0,0.0,1.0,0.0,0.0,0.2844126260982753,1.0,0.4428680010134278,1.0,0.0,0.0,1.0,0.0,0.0,1.0,0.0,0.0,1.0,0.0,0.0,1.0,0.0,0.0,1.0,0.0,0.0,1.0,0.0,0.0,1.0,0.0,0.0,1.0,0.0,0.0,1.0,0.0,0.0,1.0,0.0,0.0,1.0,0.0,0.0,1.0,0.0,0.0,1.0,1.0,1.0,,,,,,,,,,,,,,,,,,,,,,,,
Value,0.789919028340081,0.3824201359787672,0.4116909230746238,0.3917471799044479,0.7925773134689325,,,,,,,,,,,,,,,,,,,,,,,,,,,,,,,,,,,,,,,,,,,,,,Adaboost,UNSW_NB15,0.0,0.0,0.0,,,,,,,,,,,,,,,,,,,0.995915927881263,0.8969229389073293,0.9438308316812992,,,,,,,,,,,,,,,,,,,,,,,,,,,,,,,,,,,,,,,,,,,,,,,,,,,,,,,,,,,,,,,,,,,,,,,,,,,,,,,,,,,,,,,,,,,,,,,,,,,,,,,,,,,,,,,,,,,,,,,,,,,,,,,,,,,,,,,,,,,,,,0.0,0.0,0.0,0.1512287334593572,0.2025316455696202,0.1731601731601731,0.5434262948207171,0.610381861575179,0.5749613601236476,0.5196879643387816,0.7767906718489728,0.6227464945470732,0.9840464104423496,0.963265306122449,0.9735449735449734,0.4257075471698113,0.3392857142857143,0.3776150627615062,0.2041884816753926,0.3277310924369748,0.2516129032258064,0.0,0.0,0.0
Value,0.981758762299748,0.8862649504917652,0.7447986824876428,0.7757873955469179,0.9945846432780346,0.9851945347259474,0.9937361944835224,0.989446930419461,0.8389423076923077,0.6017241379310345,0.7008032128514057,0.9991698661409152,0.994525924395786,0.9968424866711528,0.9948353776630084,0.9890885750962772,0.9919536530415192,0.9533659549228944,0.9965899403239556,0.9744988821946876,0.9532587228439764,0.9354005167958656,0.944245190740137,0.9485549132947976,0.9915407854984896,0.9695716395864106,0.9965870307167236,0.9948892674616696,0.9957374254049446,1.0,1.0,1.0,1.0,0.5,0.6666666666666666,0.9547636632200888,0.765167209233501,0.8495153606045672,0.996629213483146,0.912551440329218,0.9527389903329752,0.6726726726726727,0.4705882352941176,0.553770086526576,0.0,0.0,0.0,1.0,0.0261780104712041,0.0510204081632653,CNN,CICIDS,,,,,,,,,,,,,,,,,,,,,,,,,,,,,,,,,,,,,,,,,,,,,,,,,,,,,,,,,,,,,,,,,,,,,,,,,,,,,,,,,,,,,,,,,,,,,,,,,,,,,,,,,,,,,,,,,,,,,,,,,,,,,,,,,,,,,,,,,,,,,,,,,,,,,,,,,,,,,,,,,,,,,,,,,,,,,,,,,,,,,,,,,,,,,
Value,0.9999343120832924,0.9999302649930264,0.9999337309476476,0.9999319632480108,1.0,,,,,,,,,,,,,,,,,,,,,,,,,,,,,,,,,,,,,,,,,,,,,,CNN,EdgeIIoT,1.0,1.0,1.0,1.0,1.0,1.0,1.0,1.0,1.0,1.0,1.0,1.0,1.0,1.0,1.0,1.0,1.0,1.0,1.0,1.0,1.0,1.0,1.0,1.0,1.0,1.0,1.0,1.0,1.0,1.0,1.0,1.0,1.0,1.0,1.0,1.0,1.0,1.0,1.0,1.0,0.9990059642147118,0.9995027349577325,0.9989539748953976,1.0,0.999476713762428,,,,,,,,,,,,,,,,,,,,,,,,,,,,,,,,,,,,,,,,,,,,,,,,,,,,,,,,,,,,,,,,,,,,,,,,,,,,,,,,,,,,,,,,,,,,,,,,,,,,,,,,,,,,,,,,,,,,,,,,,,,,,,,,,,,,,,,,,,,,,,,,
Value,0.9981147320226232,0.8863753668903986,0.8546745751053098,0.8574663213582585,,,,,,,,,,,,,,,,,,,,,,,,,,,,,,,,,,,,,,,,,,,,,,,CNN,NSL_KDD,,,,,,,,,,,,,,,,,,,,,,,,,,,,,,,,,,,,,,,,,,,,,,1.0,0.9932432432432432,0.9966101694915256,0.9962121212121212,1.0,0.9981024667931688,0.875,0.7,0.7777777777777777,0.3333333333333333,0.5,0.4,0.9884615384615384,1.0,0.9941972920696324,1.0,0.9629629629629628,0.981132075471698,1.0,1.0,1.0,1.0,1.0,1.0,1.0,1.0,1.0,1.0,0.5,0.6666666666666666,1.0,1.0,1.0,0.995,1.0,0.9974937343358397,1.0,0.8,0.888888888888889,0.3333333333333333,0.3333333333333333,0.3333333333333333,1.0,0.999890996293874,0.999945495176323,1.0,1.0,1.0,0.9996107939802802,0.9999351112841476,0.999772926330814,1.0,1.0,1.0,1.0,1.0,1.0,1.0,1.0,1.0,0.9935587761674718,0.9983818770226536,0.9959644874899112,0.9927536231884058,1.0,0.9963636363636365,1.0,0.3333333333333333,0.5,0.0,0.0,0.0,0.7534246575342466,0.859375,0.8029197080291972,0.9918509895227008,0.9748283752860412,0.9832660126947488,0.5,0.6666666666666666,0.5714285714285715,0.9954887218045112,1.0,0.9977392614920876,1.0,1.0,1.0,1.0,0.9848484848484848,0.9923664122137404,1.0,0.0,0.0,1.0,0.0,0.0,1.0,1.0,1.0,1.0,0.0,0.0,1.0,1.0,1.0,0.9948186528497408,0.9948186528497408,0.9948186528497408,1.0,0.0,0.0,1.0,0.5,0.6666666666666666,0.5,1.0,0.6666666666666666,0.6666666666666666,0.6666666666666666,0.6666666666666666,,,,,,,,,,,,,,,,,,,,,,,,
Value,0.8874493927125506,0.5990808847630609,0.4820815764995315,0.4934710819570167,0.9791212851593336,,,,,,,,,,,,,,,,,,,,,,,,,,,,,,,,,,,,,,,,,,,,,,CNN,UNSW_NB15,0.0,0.0,0.0,,,,,,,,,,,,,,,,,,,0.9931120851596744,0.9959630393827936,0.9945355191256832,,,,,,,,,,,,,,,,,,,,,,,,,,,,,,,,,,,,,,,,,,,,,,,,,,,,,,,,,,,,,,,,,,,,,,,,,,,,,,,,,,,,,,,,,,,,,,,,,,,,,,,,,,,,,,,,,,,,,,,,,,,,,,,,,,,,,,,,,,,,,,0.6842105263157894,0.0619047619047619,0.1135371179039301,0.3919597989949748,0.0658227848101265,0.1127167630057803,0.5966272533436713,0.9182577565632458,0.7232992597814593,0.792368125701459,0.7840088839533592,0.7881663410549816,0.9950738916256158,0.9678793256433008,0.981288233177402,0.9084249084249084,0.6992481203007519,0.7902283590015933,0.6290322580645161,0.3277310924369748,0.430939226519337,0.0,0.0,0.0
Value,0.9966201105960804,0.8829978119660293,0.8866501747207202,0.8842004524262543,0.9431163500429888,0.9987841132620776,0.998745965765502,0.9987650391495322,0.9070945945945946,0.9258620689655171,0.916382252559727,0.9991735537190082,0.9989671555463748,0.99907034397273,0.995195387572069,0.9971116816431322,0.9961526130169924,0.9968226906385615,0.9968999457490506,0.9968613166970202,0.9871216999356084,0.9903100775193798,0.9887133182844242,0.99455205811138,0.992749244712991,0.9936498336861204,1.0,0.9977285633162976,0.9988629903354178,1.0,1.0,1.0,0.8181818181818182,0.75,0.7826086956521738,0.987414865265028,0.9868304232021308,0.9871225577264652,1.0,1.0,1.0,0.7606263982102908,0.7142857142857143,0.7367280606717227,0.4,0.5,0.4444444444444445,0.4,0.450261780104712,0.4236453201970442,DecisionTree,CICIDS,,,,,,,,,,,,,,,,,,,,,,,,,,,,,,,,,,,,,,,,,,,,,,,,,,,,,,,,,,,,,,,,,,,,,,,,,,,,,,,,,,,,,,,,,,,,,,,,,,,,,,,,,,,,,,,,,,,,,,,,,,,,,,,,,,,,,,,,,,,,,,,,,,,,,,,,,,,,,,,,,,,,,,,,,,,,,,,,,,,,,,,,,,,,,
Value,0.9999343120832924,0.9995869578081544,0.999051085568327,0.9993152147643872,0.999523243967772,,,,,,,,,,,,,,,,,,,,,,,,,,,,,,,,,,,,,,,,,,,,,,DecisionTree,EdgeIIoT,1.0,1.0,1.0,1.0,1.0,1.0,0.999618320610687,1.0,0.9998091238786028,1.0,1.0,1.0,1.0,0.9996551724137932,0.9998275564752545,0.994186046511628,1.0,0.9970845481049564,1.0,0.9861111111111112,0.9930069930069928,1.0,1.0,1.0,1.0,1.0,1.0,1.0,1.0,1.0,1.0,1.0,1.0,1.0,1.0,1.0,1.0,1.0,1.0,1.0,1.0,1.0,1.0,1.0,1.0,,,,,,,,,,,,,,,,,,,,,,,,,,,,,,,,,,,,,,,,,,,,,,,,,,,,,,,,,,,,,,,,,,,,,,,,,,,,,,,,,,,,,,,,,,,,,,,,,,,,,,,,,,,,,,,,,,,,,,,,,,,,,,,,,,,,,,,,,,,,,,,,
Value,0.99983167250202,0.9780368350902704,0.9873176973313618,0.9787002323417102,,,,,,,,,,,,,,,,,,,,,,,,,,,,,,,,,,,,,,,,,,,,,,,DecisionTree,NSL_KDD,,,,,,,,,,,,,,,,,,,,,,,,,,,,,,,,,,,,,,,,,,,,,,1.0,1.0,1.0,0.9961832061068704,0.9923954372623576,0.9942857142857144,1.0,0.9,0.9473684210526316,1.0,1.0,1.0,1.0,1.0,1.0,1.0,1.0,1.0,1.0,1.0,1.0,1.0,1.0,1.0,1.0,1.0,1.0,1.0,1.0,1.0,1.0,1.0,1.0,1.0,1.0,1.0,0.7142857142857143,1.0,0.8333333333333333,1.0,1.0,1.0,1.0,1.0,1.0,1.0,1.0,1.0,1.0,1.0,1.0,1.0,1.0,1.0,1.0,1.0,1.0,1.0,1.0,1.0,1.0,1.0,1.0,1.0,1.0,1.0,1.0,1.0,1.0,1.0,1.0,1.0,1.0,0.984375,0.9921259842519684,0.9988571428571428,1.0,0.9994282447112636,1.0,1.0,1.0,1.0,1.0,1.0,1.0,1.0,1.0,1.0,1.0,1.0,1.0,0.0,0.0,1.0,0.0,0.0,1.0,1.0,1.0,1.0,0.0,0.0,1.0,1.0,1.0,1.0,1.0,1.0,1.0,0.0,0.0,1.0,1.0,1.0,0.5,1.0,0.6666666666666666,1.0,0.6666666666666666,0.8000000000000002,,,,,,,,,,,,,,,,,,,,,,,,
Value,0.884251012145749,0.5327081919384408,0.5407130116747584,0.5355324657473866,0.7640354521065758,,,,,,,,,,,,,,,,,,,,,,,,,,,,,,,,,,,,,,,,,,,,,,DecisionTree,UNSW_NB15,0.0151515151515151,0.0170454545454545,0.0160427807486631,,,,,,,,,,,,,,,,,,,0.9999102978112666,1.0,0.9999551468939224,,,,,,,,,,,,,,,,,,,,,,,,,,,,,,,,,,,,,,,,,,,,,,,,,,,,,,,,,,,,,,,,,,,,,,,,,,,,,,,,,,,,,,,,,,,,,,,,,,,,,,,,,,,,,,,,,,,,,,,,,,,,,,,,,,,,,,,,,,,,,,0.1058823529411764,0.0857142857142857,0.0947368421052631,0.3475232198142415,0.3789029535864979,0.3625353249899072,0.7040754257907543,0.6906324582338902,0.6972891566265059,0.8247480403135499,0.8178789561354803,0.8212991357680514,0.98083747338538,0.981011535048802,0.9809244964954308,0.8285714285714286,0.7904135338345865,0.8090428090428091,0.4203821656050955,0.5546218487394958,0.4782608695652174,0.1,0.0909090909090909,0.0952380952380952
Value,0.989397820606652,0.8333613495076679,0.802641704466856,0.8113960346436283,0.96337294010402,0.994782309544742,0.9939780894120044,0.9943800368720528,0.7779661016949152,0.7913793103448276,0.7846153846153846,0.9975193798449612,0.9967981821937616,0.9971586506173477,0.9882128066263142,0.9955070603337612,0.9918465227817744,0.9944892890406704,0.993024877935364,0.9937565439950364,0.9800899165061014,0.9857881136950905,0.9829307568438004,0.9915305505142166,0.990332326283988,0.99093107617896,0.9988603988603988,0.9954571266325952,0.9971558589306028,1.0,1.0,1.0,0.8000000000000002,0.3333333333333333,0.4705882352941176,0.9009427121102248,0.9192068659366676,0.909983153885593,0.9611451942740288,0.9670781893004116,0.964102564102564,0.7235772357723578,0.7478991596638656,0.7355371900826446,0.0,0.0,0.0,0.391304347826087,0.3298429319371728,0.3579545454545454,KNN,CICIDS,,,,,,,,,,,,,,,,,,,,,,,,,,,,,,,,,,,,,,,,,,,,,,,,,,,,,,,,,,,,,,,,,,,,,,,,,,,,,,,,,,,,,,,,,,,,,,,,,,,,,,,,,,,,,,,,,,,,,,,,,,,,,,,,,,,,,,,,,,,,,,,,,,,,,,,,,,,,,,,,,,,,,,,,,,,,,,,,,,,,,,,,,,,,,
Value,0.999408802277206,0.9991543620741058,0.9991612226475683,0.9991577178236204,0.9998223405063914,,,,,,,,,,,,,,,,,,,,,,,,,,,,,,,,,,,,,,,,,,,,,,KNN,EdgeIIoT,1.0,0.9996620479891856,0.9998309954368768,1.0,1.0,1.0,1.0,1.0,1.0,1.0,1.0,1.0,1.0,1.0,1.0,0.99609375,0.99609375,0.99609375,1.0,1.0,1.0,1.0,0.9998618402873722,0.99993091537133,0.9983316649983316,1.0,0.9991651360828184,1.0,0.999626447515876,0.9998131888660562,1.0,1.0,1.0,0.9996759559300064,1.0,0.9998379517096094,1.0,0.99967362924282,0.999836787987596,0.9963576158940396,0.996687644915535,0.99652260307998,0.9968564442892072,0.9958129797627356,0.9963344388200384,,,,,,,,,,,,,,,,,,,,,,,,,,,,,,,,,,,,,,,,,,,,,,,,,,,,,,,,,,,,,,,,,,,,,,,,,,,,,,,,,,,,,,,,,,,,,,,,,,,,,,,,,,,,,,,,,,,,,,,,,,,,,,,,,,,,,,,,,,,,,,,,
Value,0.9941422030702936,0.8491754203469647,0.720316360456092,0.7087791636695835,,,,,,,,,,,,,,,,,,,,,,,,,,,,,,,,,,,,,,,,,,,,,,,KNN,NSL_KDD,,,,,,,,,,,,,,,,,,,,,,,,,,,,,,,,,,,,,,,,,,,,,,1.0,0.9932432432432432,0.9966101694915256,0.9961832061068704,0.9923954372623576,0.9942857142857144,0.8333333333333334,0.5,0.625,0.5,0.5,0.5,0.992248062015504,0.9961089494163424,0.9941747572815534,1.0,0.925925925925926,0.9615384615384616,0.3333333333333333,0.5,0.4,0.9959839357429718,0.9946524064171124,0.9953177257525084,0.625,1.0,0.7692307692307693,1.0,0.0,0.0,0.9833333333333332,1.0,0.991596638655462,0.9800995024875622,0.9899497487437184,0.985,1.0,0.0,0.0,0.5,0.3333333333333333,0.4000000000000001,0.9938251543711408,1.0,0.9969030154849224,0.9966887417218544,0.9616613418530352,0.9788617886178862,0.9966316880424926,0.9983777821036922,0.9975039709552984,0.5,1.0,0.6666666666666666,1.0,1.0,1.0,0.9411764705882352,1.0,0.9696969696969696,0.9813242784380306,0.9352750809061487,0.9577464788732394,0.9927536231884058,1.0,0.9963636363636365,0.0,0.0,0.0,0.0,0.0,0.0,1.0,0.75,0.8571428571428571,0.9767711962833914,0.9622425629290616,0.9694524495677234,1.0,0.0,0.0,1.0,1.0,1.0,0.9722222222222222,0.9722222222222222,0.9722222222222222,0.9846153846153846,0.9696969696969696,0.9770992366412214,1.0,0.0,0.0,1.0,0.0,0.0,1.0,1.0,1.0,1.0,0.0,0.0,1.0,1.0,1.0,0.9947916666666666,0.9896373056994818,0.9922077922077922,1.0,0.0,0.0,1.0,0.0,0.0,1.0,0.0,0.0,0.5,0.6666666666666666,0.5714285714285715,,,,,,,,,,,,,,,,,,,,,,,,
Value,0.8482995951417004,0.4788372036498408,0.4474872593594033,0.4554546825005218,0.7973802976595243,,,,,,,,,,,,,,,,,,,,,,,,,,,,,,,,,,,,,,,,,,,,,,KNN,UNSW_NB15,0.0,0.0,0.0,,,,,,,,,,,,,,,,,,,0.9613084769609568,0.9807122992733472,0.9709134508637152,,,,,,,,,,,,,,,,,,,,,,,,,,,,,,,,,,,,,,,,,,,,,,,,,,,,,,,,,,,,,,,,,,,,,,,,,,,,,,,,,,,,,,,,,,,,,,,,,,,,,,,,,,,,,,,,,,,,,,,,,,,,,,,,,,,,,,,,,,,,,,0.0506912442396313,0.0523809523809523,0.0515222482435597,0.3906497622820919,0.4160337552742616,0.4029423784225582,0.646162690428284,0.6706443914081146,0.6581759625237886,0.6219646799116998,0.6257634647418101,0.6238582895101024,0.9932690558486448,0.968944099378882,0.9809558030901908,0.7032734952481521,0.6259398496240601,0.662357036300348,0.4210526315789473,0.134453781512605,0.2038216560509554,0.0,0.0,0.0
Value,0.969550500121981,0.8307121382614987,0.6603346910628153,0.6709960747314265,0.9875057213335796,0.9815841924617452,0.9812467773866436,0.9814154559229876,0.7058823529411765,0.0206896551724137,0.0402010050251256,0.9956805731142014,0.976141293121256,0.9858141232919578,0.9689137268599372,0.8902439024390244,0.927914366950995,0.9941855703873556,0.9408664651631404,0.966791431074301,0.9209302325581395,0.8953488372093024,0.9079593842122504,0.9177914110429448,0.90392749244713,0.910806697108067,0.959496442255063,0.9954571266325952,0.9771460423634336,1.0,1.0,1.0,0.6666666666666666,0.3333333333333333,0.4444444444444444,0.7243395409268082,0.989937851435336,0.8365637113917719,0.9865016872890888,0.9022633744855968,0.9425040300913486,0.8387096774193549,0.0546218487394958,0.1025641025641025,0.0,0.0,0.0,0.8,0.0209424083769633,0.0408163265306122,LogisticRegression,CICIDS,,,,,,,,,,,,,,,,,,,,,,,,,,,,,,,,,,,,,,,,,,,,,,,,,,,,,,,,,,,,,,,,,,,,,,,,,,,,,,,,,,,,,,,,,,,,,,,,,,,,,,,,,,,,,,,,,,,,,,,,,,,,,,,,,,,,,,,,,,,,,,,,,,,,,,,,,,,,,,,,,,,,,,,,,,,,,,,,,,,,,,,,,,,,,
Value,1.0,1.0,1.0,1.0,1.0,,,,,,,,,,,,,,,,,,,,,,,,,,,,,,,,,,,,,,,,,,,,,,LogisticRegression,EdgeIIoT,1.0,1.0,1.0,1.0,1.0,1.0,1.0,1.0,1.0,1.0,1.0,1.0,1.0,1.0,1.0,1.0,1.0,1.0,1.0,1.0,1.0,1.0,1.0,1.0,1.0,1.0,1.0,1.0,1.0,1.0,1.0,1.0,1.0,1.0,1.0,1.0,1.0,1.0,1.0,1.0,1.0,1.0,1.0,1.0,1.0,,,,,,,,,,,,,,,,,,,,,,,,,,,,,,,,,,,,,,,,,,,,,,,,,,,,,,,,,,,,,,,,,,,,,,,,,,,,,,,,,,,,,,,,,,,,,,,,,,,,,,,,,,,,,,,,,,,,,,,,,,,,,,,,,,,,,,,,,,,,,,,,
Value,0.9960611365472664,0.9098007281334224,0.7963558120690312,0.815830268561493,,,,,,,,,,,,,,,,,,,,,,,,,,,,,,,,,,,,,,,,,,,,,,,LogisticRegression,NSL_KDD,,,,,,,,,,,,,,,,,,,,,,,,,,,,,,,,,,,,,,,,,,,,,,1.0,0.9932432432432432,0.9966101694915256,0.9962121212121212,1.0,0.9981024667931688,0.875,0.7,0.7777777777777777,0.6666666666666666,1.0,0.8,0.996124031007752,1.0,0.9980582524271844,1.0,0.9629629629629628,0.981132075471698,1.0,0.5,0.6666666666666666,1.0,1.0,1.0,0.8333333333333334,1.0,0.909090909090909,1.0,0.0,0.0,1.0,1.0,1.0,0.995,1.0,0.9974937343358397,1.0,0.6,0.7499999999999999,1.0,0.3333333333333333,0.5,0.9996730957829356,1.0,0.9998365211705086,0.9871794871794872,0.9840255591054312,0.9856,0.9988968918305108,0.9988968918305108,0.9988968918305108,1.0,1.0,1.0,1.0,1.0,1.0,0.9411764705882352,1.0,0.9696969696969696,0.9871589085072232,0.9951456310679612,0.9911361804995972,0.9927536231884058,1.0,0.9963636363636365,1.0,0.3333333333333333,0.5,0.0,0.0,0.0,0.8333333333333334,0.3125,0.4545454545454545,0.9538968166849616,0.994279176201373,0.9736694677871148,1.0,1.0,1.0,0.9954887218045112,1.0,0.9977392614920876,0.8421052631578947,0.4444444444444444,0.5818181818181818,0.7738095238095238,0.9848484848484848,0.8666666666666668,1.0,0.0,0.0,0.0,0.0,0.0,1.0,1.0,1.0,1.0,0.0,0.0,1.0,1.0,1.0,0.9948186528497408,0.9948186528497408,0.9948186528497408,1.0,0.0,0.0,1.0,1.0,1.0,1.0,1.0,1.0,1.0,0.3333333333333333,0.5,,,,,,,,,,,,,,,,,,,,,,,,
Value,0.84417004048583,0.4572248639632222,0.4306734897509782,0.4303199738783923,0.9565305864739728,,,,,,,,,,,,,,,,,,,,,,,,,,,,,,,,,,,,,,,,,,,,,,LogisticRegression,UNSW_NB15,0.0,0.0,0.0,,,,,,,,,,,,,,,,,,,0.9320096269554752,0.972728088274872,0.9519336289012774,,,,,,,,,,,,,,,,,,,,,,,,,,,,,,,,,,,,,,,,,,,,,,,,,,,,,,,,,,,,,,,,,,,,,,,,,,,,,,,,,,,,,,,,,,,,,,,,,,,,,,,,,,,,,,,,,,,,,,,,,,,,,,,,,,,,,,,,,,,,,,0.2,0.019047619047619,0.0347826086956521,0.4060218978102189,0.3755274261603376,0.3901797457255589,0.6487106017191977,0.6754176610978521,0.6617947968430282,0.628632938643703,0.648528595224875,0.6384257993987429,0.9928871055991244,0.9661047027506656,0.9793128260478504,0.6211293260473588,0.6409774436090225,0.6308973172987973,0.1428571428571428,0.0084033613445378,0.0158730158730158,0.0,0.0,0.0
Value,0.9719342115963244,0.5685293266224235,0.5796839050480583,0.5724507591809015,0.9895919202301516,0.9832447791241417,0.9824498863730402,0.9828471720281856,0.0,0.0,0.0,0.9928065054211844,0.983577773187358,0.988170592508042,0.9844559585492229,0.975609756097561,0.980012894906512,0.9956357532522032,0.9193985894753158,0.9559996776533162,0.9411027568922306,0.9702842377260982,0.9554707379134858,0.9524940617577196,0.9691842900302114,0.9607666966157532,0.9460334592552616,0.9954571266325952,0.9701162147205312,0.0,0.0,0.0,0.0,0.0,0.0,0.7333042815121473,0.9960047351287364,0.844701010227772,0.9988623435722412,0.9032921810699588,0.9486763911399244,0.0,0.0,0.0,0.0,0.0,0.0,0.0,0.0,0.0,LSTM,CICIDS,,,,,,,,,,,,,,,,,,,,,,,,,,,,,,,,,,,,,,,,,,,,,,,,,,,,,,,,,,,,,,,,,,,,,,,,,,,,,,,,,,,,,,,,,,,,,,,,,,,,,,,,,,,,,,,,,,,,,,,,,,,,,,,,,,,,,,,,,,,,,,,,,,,,,,,,,,,,,,,,,,,,,,,,,,,,,,,,,,,,,,,,,,,,,
Value,0.9996277643967594,0.9931103068899882,0.9988966925880296,0.995852692976372,0.9995754734541442,,,,,,,,,,,,,,,,,,,,,,,,,,,,,,,,,,,,,,,,,,,,,,LSTM,EdgeIIoT,1.0,0.9996620479891856,0.9998309954368768,1.0,1.0,1.0,1.0,1.0,1.0,0.9996747967479674,1.0,0.9998373719303952,1.0,1.0,1.0,1.0,0.99609375,0.9980430528375732,0.8983050847457626,0.9906542056074766,0.9422222222222222,1.0,0.9987565625863498,0.9993778945185596,1.0,1.0,1.0,1.0,0.999626447515876,0.9998131888660562,1.0,1.0,1.0,0.9996759559300064,1.0,0.9998379517096094,0.9993476842791912,1.0,0.999673735725938,1.0,0.9990062934746604,0.9995028997514498,0.9996510816468946,0.9996510816468946,0.9996510816468946,,,,,,,,,,,,,,,,,,,,,,,,,,,,,,,,,,,,,,,,,,,,,,,,,,,,,,,,,,,,,,,,,,,,,,,,,,,,,,,,,,,,,,,,,,,,,,,,,,,,,,,,,,,,,,,,,,,,,,,,,,,,,,,,,,,,,,,,,,,,,,,,
Value,0.9942095340694856,0.9580836832805824,0.4800899392777055,0.475938212705158,,,,,,,,,,,,,,,,,,,,,,,,,,,,,,,,,,,,,,,,,,,,,,,LSTM,NSL_KDD,,,,,,,,,,,,,,,,,,,,,,,,,,,,,,,,,,,,,,,,,,,,,,1.0,0.995475113122172,0.9977324263038548,0.9924050632911392,0.9924050632911392,0.9924050632911392,1.0,0.0,0.0,1.0,0.0,0.0,0.9973890339425588,0.9922077922077922,0.9947916666666664,0.975,0.975,0.975,1.0,0.0,0.0,0.987676056338028,1.0,0.9937998228520816,1.0,0.0,0.0,1.0,0.0,0.0,0.967032967032967,1.0,0.9832402234636872,0.9581993569131833,0.9966555183946488,0.9770491803278688,1.0,0.0,0.0,1.0,0.0,0.0,0.9997820401046208,0.9999273361430024,0.99985468284531,0.985200845665962,0.9914893617021276,0.9883351007423118,0.9978825461302452,0.9989185447938748,0.9984002767088936,1.0,0.0,0.0,1.0,0.0,0.0,0.935897435897436,1.0,0.966887417218543,0.984930032292788,0.988120950323974,0.986522911051213,0.9809523809523808,1.0,0.9903846153846152,1.0,0.0,0.0,0.0,0.0,0.0,1.0,0.3020833333333333,0.464,0.9454545454545454,0.9923664122137404,0.9683426443202978,1.0,0.0,0.0,0.995987963891675,1.0,0.9979899497487438,1.0,0.0,0.0,0.6447368421052632,0.98989898989899,0.7808764940239042,1.0,0.0,0.0,1.0,0.0,0.0,0.9963235294117648,1.0,0.998158379373849,1.0,0.0,0.0,0.9888059701492538,0.99250936329588,0.9906542056074766,0.9896907216494846,0.9965397923875432,0.993103448275862,1.0,0.0,0.0,1.0,0.0,0.0,1.0,0.0,0.0,1.0,0.0,0.0,,,,,,,,,,,,,,,,,,,,,,,,
Value,0.8677327935222672,0.4294433310093999,0.4308207855640423,0.4176316531929265,0.969429076995981,,,,,,,,,,,,,,,,,,,,,,,,,,,,,,,,,,,,,,,,,,,,,,LSTM,UNSW_NB15,0.0,0.0,0.0,,,,,,,,,,,,,,,,,,,0.99227342968821,0.9792769354983404,0.9857323460357597,,,,,,,,,,,,,,,,,,,,,,,,,,,,,,,,,,,,,,,,,,,,,,,,,,,,,,,,,,,,,,,,,,,,,,,,,,,,,,,,,,,,,,,,,,,,,,,,,,,,,,,,,,,,,,,,,,,,,,,,,,,,,,,,,,,,,,,,,,,,,,0.0,0.0,0.0,0.3420074349442379,0.0776371308016877,0.1265474552957359,0.5844306738962045,0.9003579952267303,0.7087834664161579,0.7791878172588832,0.6818434203220433,0.7272727272727273,0.9990796981409904,0.963265306122449,0.9808456812432236,0.5974542561654733,0.7058270676691729,0.6471348556656612,0.0,0.0,0.0,0.0,0.0,0.0
Value,0.9971842725868098,0.9387046046488988,0.8588080404175408,0.87729246325346,0.9940374596906352,0.999000515657527,0.998924204133857,0.9989623584383176,0.8945578231292518,0.906896551724138,0.9006849315068494,0.9998966301426504,0.9990704399917372,0.9994833643314736,0.9958319974350752,0.996790757381258,0.9963111467522052,0.9979802687796162,0.9956599240486708,0.996818746120422,0.9928802588996763,0.9909560723514212,0.9919172324603944,0.99455205811138,0.992749244712991,0.9936498336861204,1.0,0.9982964224872232,0.9991474850809888,1.0,1.0,1.0,1.0,0.6666666666666666,0.8000000000000002,0.9874140201961072,0.9983722994968924,0.9928629239938194,1.0,0.9938271604938272,0.9969040247678018,0.743455497382199,0.8949579831932774,0.8122020972354624,1.0,0.25,0.4,0.475,0.1989528795811518,0.2804428044280442,RandomForest,CICIDS,,,,,,,,,,,,,,,,,,,,,,,,,,,,,,,,,,,,,,,,,,,,,,,,,,,,,,,,,,,,,,,,,,,,,,,,,,,,,,,,,,,,,,,,,,,,,,,,,,,,,,,,,,,,,,,,,,,,,,,,,,,,,,,,,,,,,,,,,,,,,,,,,,,,,,,,,,,,,,,,,,,,,,,,,,,,,,,,,,,,,,,,,,,,,
Value,1.0,1.0,1.0,1.0,1.0,,,,,,,,,,,,,,,,,,,,,,,,,,,,,,,,,,,,,,,,,,,,,,RandomForest,EdgeIIoT,1.0,1.0,1.0,1.0,1.0,1.0,1.0,1.0,1.0,1.0,1.0,1.0,1.0,1.0,1.0,1.0,1.0,1.0,1.0,1.0,1.0,1.0,1.0,1.0,1.0,1.0,1.0,1.0,1.0,1.0,1.0,1.0,1.0,1.0,1.0,1.0,1.0,1.0,1.0,1.0,1.0,1.0,1.0,1.0,1.0,,,,,,,,,,,,,,,,,,,,,,,,,,,,,,,,,,,,,,,,,,,,,,,,,,,,,,,,,,,,,,,,,,,,,,,,,,,,,,,,,,,,,,,,,,,,,,,,,,,,,,,,,,,,,,,,,,,,,,,,,,,,,,,,,,,,,,,,,,,,,,,,
Value,0.9990910315109076,0.9816281363317808,0.8487444114054449,0.8671890684727354,,,,,,,,,,,,,,,,,,,,,,,,,,,,,,,,,,,,,,,,,,,,,,,RandomForest,NSL_KDD,,,,,,,,,,,,,,,,,,,,,,,,,,,,,,,,,,,,,,,,,,,,,,1.0,0.9932432432432432,0.9966101694915256,1.0,1.0,1.0,0.875,0.7,0.7777777777777777,1.0,1.0,1.0,1.0,0.9961089494163424,0.9980506822612086,1.0,0.9629629629629628,0.981132075471698,1.0,1.0,1.0,1.0,1.0,1.0,1.0,1.0,1.0,1.0,0.5,0.6666666666666666,1.0,1.0,1.0,1.0,1.0,1.0,1.0,0.6,0.7499999999999999,1.0,0.6666666666666666,0.8000000000000002,1.0,1.0,1.0,1.0,1.0,1.0,0.9988332901218564,0.9999351112841476,0.999383897013522,0.5,1.0,0.6666666666666666,1.0,1.0,1.0,0.9795918367346936,1.0,0.9896907216494846,1.0,0.9983818770226536,0.9991902834008096,1.0,1.0,1.0,1.0,0.0,0.0,1.0,0.2,0.3333333333333333,1.0,0.9375,0.967741935483871,0.9954441913439636,1.0,0.997716894977169,1.0,0.6666666666666666,0.8000000000000002,1.0,1.0,1.0,1.0,1.0,1.0,1.0,1.0,1.0,1.0,0.0,0.0,1.0,0.0,0.0,1.0,1.0,1.0,1.0,0.0,0.0,1.0,1.0,1.0,0.9897435897435898,1.0,0.9948453608247424,1.0,0.0,0.0,1.0,1.0,1.0,1.0,0.0,0.0,1.0,0.3333333333333333,0.5,,,,,,,,,,,,,,,,,,,,,,,,
Value,0.8939676113360324,0.5525430044376856,0.5357150360384316,0.543087350765574,0.8836672140726252,,,,,,,,,,,,,,,,,,,,,,,,,,,,,,,,,,,,,,,,,,,,,,RandomForest,UNSW_NB15,0.0,0.0,0.0,,,,,,,,,,,,,,,,,,,0.9907366170838158,0.99784695433749,0.9942790739250916,,,,,,,,,,,,,,,,,,,,,,,,,,,,,,,,,,,,,,,,,,,,,,,,,,,,,,,,,,,,,,,,,,,,,,,,,,,,,,,,,,,,,,,,,,,,,,,,,,,,,,,,,,,,,,,,,,,,,,,,,,,,,,,,,,,,,,,,,,,,,,0.0961538461538461,0.0714285714285714,0.081967213114754,0.4048309178743961,0.3535864978902953,0.3774774774774775,0.7072707542051003,0.777744630071599,0.7408354646206309,0.834697217675941,0.8495280399777901,0.8420473307649973,0.9976350736765508,0.9732031943212068,0.9852676967301472,0.8568507157464212,0.7875939849624061,0.820763956904995,0.6372549019607843,0.5462184873949579,0.5882352941176471,0.0,0.0,0.0
Value,0.9586682640284432,0.8309613348208182,0.6259629545132025,0.6343626728999879,0.9874352052075016,0.9702353163838244,0.9782832716308538,0.9742426737954364,1.0,0.0253164556962025,0.0493827160493827,0.9903867650346524,0.9393553859202716,0.964196321688976,0.9859203296703296,0.9490909090909092,0.9671551288529562,0.9896907216494848,0.9155514536225196,0.9511785856971634,0.974476439790576,0.973839110529758,0.974157670919202,0.9871134020618556,0.9245624622812312,0.9548145839825491,0.9322296947749612,0.9852378348824494,0.9580010632642212,1.0,0.75,0.8571428571428571,0.0,0.0,0.0,0.6798218984011334,0.9844665885111372,0.8042619418173111,1.0,0.9064824654622742,0.9509476031215164,0.9545454545454546,0.0465631929046563,0.0887949260042283,0.0,0.0,0.0,1.0,0.0106951871657754,0.0211640211640211,SVM,CICIDS,,,,,,,,,,,,,,,,,,,,,,,,,,,,,,,,,,,,,,,,,,,,,,,,,,,,,,,,,,,,,,,,,,,,,,,,,,,,,,,,,,,,,,,,,,,,,,,,,,,,,,,,,,,,,,,,,,,,,,,,,,,,,,,,,,,,,,,,,,,,,,,,,,,,,,,,,,,,,,,,,,,,,,,,,,,,,,,,,,,,,,,,,,,,,
Value,0.9998686241665844,0.9999236709653258,0.9998608236957516,0.999892227260393,0.9999998887714544,,,,,,,,,,,,,,,,,,,,,,,,,,,,,,,,,,,,,,,,,,,,,,SVM,EdgeIIoT,1.0,0.9994931576279776,0.999746514575412,1.0,1.0,1.0,1.0,1.0,1.0,1.0,1.0,1.0,1.0,1.0,1.0,1.0,1.0,1.0,1.0,1.0,1.0,0.9993786246893124,1.0,0.999689215787838,1.0,1.0,1.0,1.0,0.999439775910364,0.99971980947044,1.0,1.0,1.0,1.0,1.0,1.0,1.0,1.0,1.0,1.0,0.999502982107356,0.9997514292816306,0.999476439790576,0.999476439790576,0.999476439790576,,,,,,,,,,,,,,,,,,,,,,,,,,,,,,,,,,,,,,,,,,,,,,,,,,,,,,,,,,,,,,,,,,,,,,,,,,,,,,,,,,,,,,,,,,,,,,,,,,,,,,,,,,,,,,,,,,,,,,,,,,,,,,,,,,,,,,,,,,,,,,,,
Value,0.9933005655803931,0.8954845905634414,0.6740467212640159,0.6724565614830854,,,,,,,,,,,,,,,,,,,,,,,,,,,,,,,,,,,,,,,,,,,,,,,SVM,NSL_KDD,,,,,,,,,,,,,,,,,,,,,,,,,,,,,,,,,,,,,,,,,,,,,,0.9864864864864864,0.9864864864864864,0.9864864864864864,0.996138996138996,0.9809885931558936,0.9885057471264368,0.75,0.6,0.6666666666666665,1.0,0.0,0.0,0.9884169884169884,0.9961089494163424,0.992248062015504,1.0,0.9629629629629628,0.981132075471698,1.0,0.5,0.6666666666666666,1.0,0.9959893048128342,0.9979906229068988,0.625,1.0,0.7692307692307693,1.0,0.0,0.0,1.0,1.0,1.0,0.970731707317073,1.0,0.9851485148514852,1.0,0.0,0.0,0.5,0.3333333333333333,0.4000000000000001,0.997716150081566,1.0,0.9988567695574064,0.9867109634551494,0.9488817891373802,0.96742671009772,0.9970834143496012,0.9982480046719876,0.9976653696498056,0.5,1.0,0.6666666666666666,1.0,1.0,1.0,0.9056603773584908,1.0,0.9504950495049505,0.9568,0.9676375404530744,0.9621882542236524,0.9927536231884058,1.0,0.9963636363636365,1.0,0.0,0.0,0.0,0.0,0.0,1.0,0.296875,0.4578313253012048,0.946607341490545,0.9736842105263158,0.9599548787366048,1.0,0.0,0.0,0.9954887218045112,1.0,0.9977392614920876,0.8823529411764706,0.4166666666666667,0.5660377358490566,0.7647058823529411,0.9848484848484848,0.8609271523178808,1.0,0.0,0.0,1.0,0.0,0.0,1.0,1.0,1.0,1.0,0.0,0.0,1.0,1.0,1.0,0.9947916666666666,0.9896373056994818,0.9922077922077922,1.0,0.0,0.0,1.0,0.0,0.0,1.0,0.0,0.0,0.5,0.3333333333333333,0.4000000000000001,,,,,,,,,,,,,,,,,,,,,,,,
Value,0.8410931174089069,0.4215997585153165,0.4059080892863489,0.4114771627777115,0.9561506641924424,,,,,,,,,,,,,,,,,,,,,,,,,,,,,,,,,,,,,,,,,,,,,,SVM,UNSW_NB15,0.0,0.0,0.0,,,,,,,,,,,,,,,,,,,0.9178128144917814,0.9817888221046022,0.9487235056997962,,,,,,,,,,,,,,,,,,,,,,,,,,,,,,,,,,,,,,,,,,,,,,,,,,,,,,,,,,,,,,,,,,,,,,,,,,,,,,,,,,,,,,,,,,,,,,,,,,,,,,,,,,,,,,,,,,,,,,,,,,,,,,,,,,,,,,,,,,,,,,0.0,0.0,0.0,0.3757763975155279,0.3063291139240506,0.3375174337517433,0.6281697213155912,0.7464200477326969,0.6822085889570553,0.6411575562700965,0.5535813436979455,0.5941597139451729,0.9961467889908256,0.9634427684117124,0.9795218764095625,0.656934306569343,0.5075187969924813,0.5726405090137858,0.0,0.0,0.0,0.0,0.0,0.0
Value,0.9677893998536228,0.9420690372747887,0.6078746638744544,0.6252120638147192,,0.9711315429114384,0.994675978932906,0.9827627653105956,0.7559322033898305,0.5732647814910026,0.652046783625731,0.9951534733441034,0.9647611589663272,0.9797216699801192,0.980225988700565,0.9724427837459132,0.9763188745603752,1.0,0.8884244746313712,0.9409160774669536,0.9496314496314496,0.7608267716535433,0.8448087431693988,0.6355983162958508,0.9860074626865672,0.7729433272394882,0.9952774498229044,0.7260981912144703,0.8396414342629482,1.0,0.0,0.0,1.0,0.0,0.0,0.909316427783903,0.7381964645334527,0.8148697048289489,0.9966996699669964,0.9055472263868066,0.9489395129615084,1.0,0.0,0.0,1.0,0.0,0.0,1.0,0.0,0.0,Transformer,CICIDS,,,,,,,,,,,,,,,,,,,,,,,,,,,,,,,,,,,,,,,,,,,,,,,,,,,,,,,,,,,,,,,,,,,,,,,,,,,,,,,,,,,,,,,,,,,,,,,,,,,,,,,,,,,,,,,,,,,,,,,,,,,,,,,,,,,,,,,,,,,,,,,,,,,,,,,,,,,,,,,,,,,,,,,,,,,,,,,,,,,,,,,,,,,,,
Value,0.9839064604066082,0.9840986262747304,0.9420043161469872,0.9519696454166025,0.9999255032357336,,,,,,,,,,,,,,,,,,,,,,,,,,,,,,,,,,,,,,,,,,,,,,Transformer,EdgeIIoT,1.0,0.9994931576279776,0.999746514575412,0.9497737556561086,1.0,0.974239962868415,1.0,1.0,1.0,1.0,1.0,1.0,0.9853890587835542,1.0,0.99264076672942,0.9771428571428572,1.0,0.9884393063583814,1.0,0.3472222222222222,0.5154639175257731,0.9991714995857496,0.9997927461139896,0.9994820263130632,0.9894902785076196,0.944332998996991,0.966384398255068,1.0,0.999439775910364,0.99971980947044,0.9989690721649483,1.0,0.999484270242393,0.9822714681440444,0.861934856587263,0.918177110305541,0.8824045634050022,0.9843367596671562,0.93058769088385,1.0,0.9940357852882704,0.9970089730807576,0.9968668407310703,0.999476439790576,0.9981699346405228,,,,,,,,,,,,,,,,,,,,,,,,,,,,,,,,,,,,,,,,,,,,,,,,,,,,,,,,,,,,,,,,,,,,,,,,,,,,,,,,,,,,,,,,,,,,,,,,,,,,,,,,,,,,,,,,,,,,,,,,,,,,,,,,,,,,,,,,,,,,,,,,
Value,0.9960274710476704,0.91860473457057,0.6790005747421362,0.668268681263703,,,,,,,,,,,,,,,,,,,,,,,,,,,,,,,,,,,,,,,,,,,,,,,Transformer,NSL_KDD,,,,,,,,,,,,,,,,,,,,,,,,,,,,,,,,,,,,,,,,,,,,,,1.0,0.9932432432432432,0.9966101694915256,0.9962121212121212,1.0,0.9981024667931688,0.6153846153846154,0.8,0.6956521739130435,1.0,0.0,0.0,0.9961089494163424,0.9961089494163424,0.9961089494163424,0.9629629629629628,0.9629629629629628,0.9629629629629628,1.0,0.5,0.6666666666666666,1.0,1.0,1.0,0.5555555555555556,1.0,0.7142857142857143,1.0,0.0,0.0,1.0,1.0,1.0,1.0,1.0,1.0,0.4166666666666667,1.0,0.5882352941176471,1.0,0.0,0.0,0.9993464052287584,1.0,0.9996730957829356,0.9936305732484076,0.9968051118210862,0.9952153110047848,0.9996754089846794,0.9992213354097722,0.9994483206230732,1.0,0.0,0.0,1.0,0.0,0.0,0.9591836734693876,0.9791666666666666,0.9690721649484536,0.9983844911147012,1.0,0.9991915925626516,1.0,1.0,1.0,0.6666666666666666,0.6666666666666666,0.6666666666666666,0.5,0.4,0.4444444444444445,1.0,0.3125,0.4761904761904761,0.9519125683060108,0.9965675057208238,0.9737283398546672,1.0,0.6666666666666666,0.8000000000000002,0.993993993993994,1.0,0.9969879518072288,0.7777777777777778,0.1944444444444444,0.3111111111111111,0.6914893617021277,0.9848484848484848,0.8125000000000001,1.0,0.0,0.0,1.0,0.0,0.0,1.0,1.0,1.0,1.0,0.0,0.0,1.0,1.0,1.0,0.9948186528497408,0.9948186528497408,0.9948186528497408,1.0,0.0,0.0,1.0,0.0,0.0,1.0,0.0,0.0,1.0,0.0,0.0,,,,,,,,,,,,,,,,,,,,,,,,
Value,0.8807311592882735,0.5662793529292937,0.4784666251803249,0.4862401843872875,0.9768413898801512,,,,,,,,,,,,,,,,,,,,,,,,,,,,,,,,,,,,,,,,,,,,,,Transformer,UNSW_NB15,0.0,0.0,0.0,,,,,,,,,,,,,,,,,,,0.9964898069393816,0.99501213265031,0.9957504215851604,,,,,,,,,,,,,,,,,,,,,,,,,,,,,,,,,,,,,,,,,,,,,,,,,,,,,,,,,,,,,,,,,,,,,,,,,,,,,,,,,,,,,,,,,,,,,,,,,,,,,,,,,,,,,,,,,,,,,,,,,,,,,,,,,,,,,,,,,,,,,,0.7692307692307693,0.0763358778625954,0.1388888888888889,0.4366515837104072,0.2455470737913486,0.3143322475570033,0.6456942003514938,0.8074725274725275,0.717578125,0.6796256299496041,0.7788778877887789,0.7258746635909266,0.996134732192159,0.9691109320440504,0.982437031994554,0.7223001402524543,0.7123098201936376,0.7172701949860725,0.4166666666666667,0.2,0.2702702702702703,0.0,0.0,0.0
